dairy,drinks,fruit,spices
0.2875755540631296,0.15352585627938214,0.3774345198119543,0.18146406984553393
